"","smp_id","ow_suffix","event_uid","gage_uid","eventduration_hr","eventpeakintensity_inhr","eventavgintensity_inhr","eventdepth_in","eventdatastart_est","eventdataend_est","peak_level_ft","overtop","draindown_hr","rpsu"
"1","411-1-1","CS1",77,7,6,1.36,0.1033,0.62,"2021-05-26 21:15:00","2021-05-27 03:00:00",4.426,"TRUE",-810,0
"2","411-1-1","CS1",78,7,23,0.44,0.0813,1.87,"2021-05-28 18:30:00","2021-05-29 17:15:00",2.3432,"FALSE",5.25,41.1979
"3","411-1-1","CS1",79,7,11,0.08,0.03,0.33,"2021-05-30 08:00:00","2021-05-30 18:45:00",1.2815,"FALSE",2.75,7.9337
"4","411-1-1","CS1",80,7,6,0.756,0.13,0.78,"2021-06-03 21:00:00","2021-06-04 02:45:00",1.2599,"FALSE",1.5,22.3619
"5","411-1-1","CS1",81,7,1,0.988,0.395,0.395,"2021-06-04 18:45:00","2021-06-04 19:30:00",0.3468,"FALSE",-810,0
"6","411-1-1","CS1",82,7,9.25,0.184,0.0357,0.33,"2021-06-08 17:00:00","2021-06-09 02:00:00",1.6077,"FALSE",-810,1.444
"7","411-1-1","CS1",83,7,5.75,0.072,0.02,0.115,"2021-06-11 13:30:00","2021-06-11 19:00:00",1.1014,"FALSE",2.75,18.9529
"8","411-1-1","CS1",84,7,7.25,2.144,0.1527,1.107,"2021-06-14 23:45:00","2021-06-15 06:45:00",3.8305,"FALSE",-810,0
"9","411-1-1","CS1",85,7,1.25,0.412,0.152,0.19,"2021-06-19 19:15:00","2021-06-19 20:15:00",0.4018,"FALSE",-810,0
"10","411-1-1","CS1",86,7,5,0.176,0.0364,0.182,"2021-06-21 23:00:00","2021-06-22 03:45:00",0.8544,"FALSE",2.25,11.3105
"11","411-1-1","CS1",87,7,4.75,0.092,0.0297,0.141,"2021-06-22 15:45:00","2021-06-22 20:15:00",0.8544,"FALSE",-810,2.6022
"12","411-1-1","CS1",88,7,16.5,1.56,0.0788,1.3,"2021-07-01 15:00:00","2021-07-02 07:15:00",3.9051,"TRUE",-820,100
"13","411-1-1","CS1",89,7,4.5,1.32,0.3689,1.66,"2021-07-02 19:15:00","2021-07-02 23:30:00",1.3573,"FALSE",2.25,13.2693
"14","411-1-1","CS1",90,7,7.5,0.12,0.0187,0.14,"2021-07-03 16:15:00","2021-07-03 23:30:00",1.1762,"FALSE",10.75,8.3746
"15","411-1-1","CS1",91,7,7.25,0.4,0.1076,0.78,"2021-07-09 02:15:00","2021-07-09 09:15:00",1.7603,"FALSE",-820,18.0093
"16","411-1-1","CS1",92,7,5,1.4,0.268,1.34,"2021-07-12 17:00:00","2021-07-12 21:45:00",3.5267,"FALSE",-810,0
"17","411-1-1","CS1",93,7,11,1.48,0.1236,1.36,"2021-07-17 22:45:00","2021-07-18 09:30:00",0.6159,"FALSE",-810,0
"18","411-1-1","CS1",94,7,4.25,1.36,0.1341,0.57,"2021-07-21 18:45:00","2021-07-21 22:45:00",4.449,"TRUE",-810,0
"19","411-1-1","CS1",95,7,12.25,0.12,0.0098,0.12,"2021-08-01 16:15:00","2021-08-02 04:15:00",0.2615,"FALSE",-810,0
"20","411-1-1","CS1",96,7,5,0.52,0.14,0.7,"2021-08-08 03:15:00","2021-08-08 08:00:00",1.2271,"FALSE",-810,0.1933
"21","411-1-1","CS1",97,7,0.75,0.96,0.5067,0.38,"2021-08-09 21:00:00","2021-08-09 21:30:00",0.3041,"FALSE",-810,0.146
"22","411-1-1","CS1",98,7,1.75,0.96,0.2114,0.37,"2021-08-11 00:00:00","2021-08-11 01:30:00",0.2798,"FALSE",-810,0
"23","411-1-1","CS1",99,7,7.25,1.276,0.1383,1.003,"2021-08-18 23:45:00","2021-08-19 06:45:00",0.5974,"FALSE",1.5,9.3546
"24","411-1-1","CS1",100,7,4,0.06,0.027,0.108,"2021-08-20 11:15:00","2021-08-20 15:00:00",0.4824,"FALSE",-810,0
"25","411-1-1","CS1",101,7,16.25,0.316,0.0751,1.22,"2021-08-21 20:15:00","2021-08-22 12:15:00",2.0049,"FALSE",9.25,50.2281
"26","411-1-1","CS1",102,7,17.25,0.28,0.0275,0.474,"2021-08-23 03:15:00","2021-08-23 20:15:00",1.3624,"FALSE",-810,2.8965
"27","411-1-1","CS1",103,7,2.5,0.52,0.0792,0.198,"2021-08-27 16:15:00","2021-08-27 18:30:00",1.229,"FALSE",1.25,26.5658
"28","411-1-1","CS1",104,7,11.25,0.532,0.0484,0.545,"2021-08-28 06:30:00","2021-08-28 17:30:00",1.229,"FALSE",1.25,25.4167
"29","411-1-1","CS1",105,7,3.25,0.628,0.1317,0.428,"2021-09-01 08:00:00","2021-09-01 11:00:00",3.0725,"FALSE",3.5,76.6604
"30","411-1-1","CS1",106,7,8.25,2.004,0.343,2.83,"2021-09-01 18:45:00","2021-09-02 02:45:00",3.0725,"FALSE",3.5,64.6433
"31","411-1-1","CS1",107,7,13.25,0.188,0.0232,0.307,"2021-09-09 04:00:00","2021-09-09 17:00:00",0.4261,"FALSE",4.5,7.6064
"32","411-1-1","CS1",108,7,3.25,0.316,0.1043,0.339,"2021-09-16 01:15:00","2021-09-16 04:15:00",0.2931,"FALSE",-810,0
"33","411-1-1","CS1",109,7,11.75,2.844,0.1293,1.519,"2021-09-23 15:00:00","2021-09-24 02:30:00",1.9616,"FALSE",-810,0
"34","411-1-1","CS1",110,7,3.75,0.852,0.1797,0.674,"2021-10-05 04:30:00","2021-10-05 08:00:00",0.7172,"FALSE",-810,0
"35","411-1-1","CS1",111,7,16.5,0.072,0.007,0.116,"2021-10-10 04:00:00","2021-10-10 20:15:00",0.2551,"FALSE",2.75,4.5818
"36","411-1-1","CS1",112,7,5.25,0.308,0.0625,0.328,"2021-10-16 19:30:00","2021-10-17 00:30:00",1.2752,"FALSE",2.75,3.9608
"37","411-1-1","CS1",113,7,11.25,1.72,0.1618,1.82,"2021-10-25 22:45:00","2021-10-26 09:45:00",2.7451,"FALSE",-820,39.8976
"38","411-1-1","CS1",114,7,10.25,0.6,0.1093,1.12,"2021-10-29 20:30:00","2021-10-30 06:30:00",1.6284,"FALSE",-810,0
"39","411-1-1","CS1",115,7,6.5,0.92,0.0431,0.28,"2021-10-31 03:00:00","2021-10-31 09:15:00",0.5249,"FALSE",-810,0
"40","411-1-1","CS1",116,7,4,0.32,0.0375,0.15,"2021-11-12 12:15:00","2021-11-12 16:00:00",1.0645,"FALSE",-810,0
"41","411-1-1","CS1",117,7,6.75,0.08,0.0281,0.19,"2021-11-26 06:00:00","2021-11-26 12:30:00",0.6621,"FALSE",4.25,14.0003
"42","411-1-1","CS1",118,7,0.5,0.4,0.22,0.11,"2021-12-07 00:45:00","2021-12-07 01:00:00",0.1857,"FALSE",-810,0
"43","411-1-1","CS1",119,7,8.5,0.12,0.0129,0.11,"2021-12-11 05:15:00","2021-12-11 13:30:00",0.2148,"FALSE",-810,0
"44","411-1-1","CS1",120,7,1.5,0.24,0.0733,0.11,"2021-12-12 01:45:00","2021-12-12 03:00:00",0.174,"FALSE",-810,0
"45","411-1-1","CS1",121,7,3,0.12,0.04,0.12,"2021-12-18 09:15:00","2021-12-18 12:00:00",0.1195,"FALSE",-810,0
"46","411-1-1","CS1",122,7,5.75,0.08,0.0243,0.14,"2021-12-22 06:30:00","2021-12-22 12:00:00",0.4011,"FALSE",1.75,7.3898
"47","411-1-1","CS1",123,7,4,0.12,0.0525,0.21,"2021-12-30 06:15:00","2021-12-30 10:00:00",0.1423,"FALSE",-810,0
"48","411-1-1","CS1",124,7,26.25,0.6,0.0305,0.8,"2022-01-01 08:45:00","2022-01-02 10:45:00",1.9206,"FALSE",-830,46.1128
"49","411-1-1","CS1",125,7,8.25,0.076,0.0168,0.139,"2022-01-07 07:00:00","2022-01-07 15:00:00",0.4046,"FALSE",-810,0.1214
"50","411-1-1","CS1",126,7,11.75,0.08,0.0145,0.17,"2022-01-09 14:15:00","2022-01-10 01:45:00",1.2089,"FALSE",3.25,23.8911
"51","411-1-1","CS1",127,7,12,0.56,0.095,1.14,"2022-01-17 02:45:00","2022-01-17 14:30:00",1.2029,"FALSE",-810,0
"52","411-1-1","CS1",128,7,7.5,0.08,0.044,0.33,"2022-01-20 07:45:00","2022-01-20 15:00:00",1.4316,"FALSE",-810,0
"53","411-1-1","CS1",129,7,37.75,1.32,0.0429,1.62,"2022-02-03 09:15:00","2022-02-04 22:45:00",1.9202,"FALSE",2.25,26.9928
"54","411-1-1","CS1",130,7,5.75,0.08,0.0452,0.26,"2022-02-13 15:30:00","2022-02-13 21:00:00",1.1948,"FALSE",-810,0.8961
"55","411-1-1","CS1",131,7,8.75,0.12,0.0274,0.24,"2022-02-18 02:45:00","2022-02-18 11:15:00",1.4402,"FALSE",1,9.3844
"56","411-1-1","CS1",132,7,6.25,0.12,0.024,0.15,"2022-02-22 18:15:00","2022-02-23 00:15:00",1.2033,"FALSE",-810,0.079
"57","411-1-1","CS1",133,7,16.25,0.28,0.0566,0.92,"2022-02-25 04:15:00","2022-02-25 20:15:00",2.2892,"FALSE",1,39.2575
"58","411-1-1","CS1",134,7,9.25,0.12,0.0411,0.38,"2022-03-09 13:45:00","2022-03-09 22:45:00",1.4713,"FALSE",4.5,5.1275
"59","411-1-1","CS1",135,7,7.25,0.24,0.0745,0.54,"2022-03-12 11:15:00","2022-03-12 18:15:00",1.2459,"FALSE",-810,0
"60","411-1-1","CS1",136,7,2.75,0.12,0.0509,0.14,"2022-03-17 09:45:00","2022-03-17 12:15:00",1.1248,"FALSE",-810,0.0512
"61","411-1-1","CS1",137,7,0.5,0.52,0.3,0.15,"2022-03-20 00:15:00","2022-03-20 00:30:00",1.0302,"FALSE",-810,0
"62","411-1-1","CS1",138,7,11.25,0.24,0.0524,0.59,"2022-03-24 00:30:00","2022-03-24 11:30:00",1.8584,"FALSE",0.75,20.1882
"63","411-1-1","CS1",139,7,3,0.2,0.0533,0.16,"2022-03-25 00:15:00","2022-03-25 03:00:00",1.1245,"FALSE",-810,0
"64","411-1-1","CS1",140,7,10.25,0.52,0.0332,0.34,"2022-03-31 23:15:00","2022-04-01 09:15:00",1.1286,"FALSE",-810,0.6619
"65","411-1-1","CS1",141,7,14.5,0.28,0.0717,1.04,"2022-04-05 23:00:00","2022-04-06 13:15:00",2.1138,"FALSE",0.75,34.5772
"66","411-1-1","CS1",142,7,15,0.96,0.1147,1.72,"2022-04-07 12:45:00","2022-04-08 03:30:00",4.0235,"TRUE",-820,100
"67","411-1-1","CS1",143,7,8.5,0.16,0.0235,0.2,"2022-04-09 03:45:00","2022-04-09 12:00:00",1.1207,"FALSE",-810,0
"68","411-1-1","CS1",144,7,0.75,0.28,0.2,0.15,"2022-04-14 20:30:00","2022-04-14 21:00:00",1.0573,"FALSE",-810,0
"69","411-1-1","CS1",145,7,4.75,0.24,0.0463,0.22,"2022-04-16 23:00:00","2022-04-17 03:30:00",1.1549,"FALSE",-810,0
"70","411-1-1","CS1",146,7,11.5,0.36,0.1191,1.37,"2022-04-18 19:15:00","2022-04-19 06:30:00",2.493,"FALSE",2.25,39.3792
"71","411-1-1","CS1",147,7,4.75,0.16,0.0253,0.12,"2022-05-02 06:45:00","2022-05-02 11:15:00",1.1244,"FALSE",-810,0
"72","411-1-1","CS1",148,7,6.25,0.16,0.0272,0.17,"2022-05-04 05:45:00","2022-05-04 11:45:00",1.1315,"FALSE",-810,0.2851
"73","411-1-1","CS1",149,7,44.75,0.24,0.044,1.97,"2022-05-06 13:00:00","2022-05-08 09:30:00",1.7117,"FALSE",1.75,24.0803
"74","411-1-1","CS1",150,7,4.75,0.12,0.0442,0.21,"2022-05-14 16:15:00","2022-05-14 20:45:00",1.2405,"FALSE",-810,0
"75","411-1-1","CS1",151,7,0.5,0.36,0.2,0.1,"2022-05-16 22:00:00","2022-05-16 22:15:00",1.0288,"FALSE",-810,0
"76","411-1-1","CS1",152,7,6.5,0.4,0.1138,0.74,"2022-05-19 03:30:00","2022-05-19 09:45:00",2.3502,"FALSE",3.75,32.2382
"77","411-1-1","CS1",153,7,2.5,0.24,0.056,0.14,"2022-05-20 17:00:00","2022-05-20 19:15:00",1.1359,"FALSE",-810,0
"78","411-1-1","CS1",154,7,2,0.4,0.1,0.2,"2022-05-27 18:30:00","2022-05-27 20:15:00",1.0384,"FALSE",-810,0
"79","411-1-1","CS1",155,7,1,2.32,0.78,0.78,"2022-05-28 02:45:00","2022-05-28 03:30:00",0.323,"FALSE",-810,0
"80","411-1-1","CS1",156,7,4.5,0.76,0.0844,0.38,"2022-06-02 20:45:00","2022-06-03 01:00:00",0.3111,"FALSE",-810,0
"81","411-1-1","CS1",157,7,3.75,0.36,0.0347,0.13,"2022-06-08 01:30:00","2022-06-08 05:00:00",3.9434,"TRUE",-820,100
"82","411-1-1","CS1",158,7,6.25,1.12,0.2112,1.32,"2022-06-09 02:15:00","2022-06-09 08:15:00",3.9434,"TRUE",3.25,100
"83","411-1-1","CS1",159,7,5,1.16,0.336,1.68,"2022-06-12 08:30:00","2022-06-12 13:15:00",4.2258,"TRUE",-810,0
"84","411-1-1","CS1",160,7,1,0.24,0.1,0.1,"2022-06-14 11:15:00","2022-06-14 12:00:00",0.0923,"FALSE",-810,0
"85","411-1-1","CS1",161,7,8.75,0.44,0.0377,0.33,"2022-06-16 09:00:00","2022-06-16 17:30:00",0.8755,"FALSE",-810,0
"86","411-1-1","CS1",162,7,2.5,0.24,0.128,0.32,"2022-06-23 13:15:00","2022-06-23 15:30:00",0.2875,"FALSE",-810,0
"87","411-1-1","CS1",163,7,5.5,1.12,0.1509,0.83,"2022-06-27 16:00:00","2022-06-27 21:15:00",1.1009,"FALSE",3.5,18.4663
"88","411-1-1","CS1",164,7,4.25,0.208,0.0675,0.287,"2022-07-07 06:45:00","2022-07-07 10:45:00",0.3582,"FALSE",-810,0
"89","411-1-1","CS1",165,7,0.75,2.12,0.9867,0.74,"2022-07-25 19:00:00","2022-07-25 19:30:00",0.331,"FALSE",-810,1.0154
"90","411-1-1","CS1",166,7,0.75,1.4,0.6533,0.49,"2022-07-28 23:45:00","2022-07-29 00:15:00",0.3031,"FALSE",-810,0.174
"91","411-1-1","CS1",167,7,11.5,0.36,0.0365,0.42,"2022-08-01 00:30:00","2022-08-01 11:45:00",1.3957,"FALSE",-810,0
"92","411-1-1","CS1",168,7,2.25,1.72,0.32,0.72,"2022-08-11 06:45:00","2022-08-11 08:45:00",0.295,"FALSE",-810,0
"93","411-1-1","CS1",169,7,0.75,1,0.5467,0.41,"2022-08-21 19:45:00","2022-08-21 20:15:00",1.4605,"FALSE",2.5,33.3731
"94","411-1-1","CS1",170,7,7.5,0.36,0.052,0.39,"2022-08-22 04:00:00","2022-08-22 11:15:00",1.4605,"FALSE",2.5,32.1332
"95","411-1-1","CS1",171,7,6.5,1.28,0.0985,0.64,"2022-08-22 17:30:00","2022-08-22 23:45:00",0.3907,"FALSE",0.25,3.8202
"96","411-1-1","CS1",172,7,3.5,0.96,0.0914,0.32,"2022-08-30 22:30:00","2022-08-31 01:45:00",0.2944,"FALSE",-810,0
"97","411-1-1","CS1",173,7,7,0.8,0.2457,1.72,"2022-09-06 09:00:00","2022-09-06 15:45:00",2.5398,"FALSE",29.75,29.9145
"98","411-1-1","CS1",174,7,13.5,0.32,0.0363,0.49,"2022-09-11 13:15:00","2022-09-12 02:30:00",3.1561,"FALSE",-820,81.1721
"99","411-1-1","CS1",175,7,5.5,0.92,0.0655,0.36,"2022-09-12 23:15:00","2022-09-13 04:30:00",3.1561,"FALSE",3.75,80.7277
"100","411-1-1","CS1",176,7,1.75,0.92,0.16,0.28,"2022-09-25 18:15:00","2022-09-25 19:45:00",0.2544,"FALSE",-810,0
"101","411-1-1","CS1",177,7,12.25,0.44,0.0824,1.01,"2022-10-01 00:30:00","2022-10-01 12:30:00",1.7147,"FALSE",-820,44.4223
"102","411-1-1","CS1",178,7,71,0.64,0.0414,2.94,"2022-10-02 05:15:00","2022-10-05 04:00:00",2.9983,"FALSE",-830,77.4654
"103","411-1-1","CS1",179,7,13,0.36,0.0585,0.76,"2022-10-13 18:00:00","2022-10-14 06:45:00",1.1626,"FALSE",1,25.2031
"104","411-1-1","CS1",180,7,2.25,0.92,0.1822,0.41,"2022-10-17 21:00:00","2022-10-17 23:00:00",0.2304,"FALSE",-810,0
"105","411-1-1","CS1",181,7,1.75,0.16,0.0629,0.11,"2022-10-23 19:15:00","2022-10-23 20:45:00",0.8068,"FALSE",1.25,19.7793
"106","411-1-1","CS1",182,7,4.5,0.76,0.0844,0.38,"2022-10-24 06:00:00","2022-10-24 10:15:00",0.8068,"FALSE",-810,0
"107","411-1-1","CS1",183,7,8.75,0.2,0.0286,0.25,"2022-10-31 21:45:00","2022-11-01 06:15:00",0.2461,"FALSE",-810,0
"108","411-1-1","CS1",184,7,6.25,0.6,0.0752,0.47,"2022-11-11 15:30:00","2022-11-11 21:30:00",1.2465,"FALSE",-810,1.3885
"109","411-1-1","CS1",185,7,10.5,0.36,0.1152,1.21,"2022-11-15 23:00:00","2022-11-16 09:15:00",1.8591,"FALSE",-820,20.7439
"110","411-1-1","CS1",186,7,5.25,0.24,0.0648,0.34,"2022-11-27 17:30:00","2022-11-27 22:30:00",0.1724,"FALSE",-810,0
"111","411-1-1","CS1",187,7,8,0.2,0.0762,0.61,"2022-11-30 14:15:00","2022-11-30 22:00:00",1.3758,"FALSE",-810,0.265
"112","411-1-1","CS1",188,7,12.25,0.16,0.04,0.49,"2022-12-03 11:15:00","2022-12-03 23:15:00",1.7955,"FALSE",-810,0
"113","411-1-1","CS1",189,7,24.75,0.2,0.0255,0.63,"2022-12-06 13:30:00","2022-12-07 14:00:00",1.7526,"FALSE",-820,26.8619
"114","411-1-1","CS1",190,7,29,0.4,0.0617,1.79,"2022-12-15 13:15:00","2022-12-16 18:00:00",2.3176,"FALSE",-820,40.4157
"115","411-1-1","CS1",191,7,25.5,0.32,0.0396,1.01,"2022-12-22 16:00:00","2022-12-23 17:15:00",1.9639,"FALSE",-830,29.513
"116","411-1-1","CS1",192,7,13,0.12,0.0254,0.33,"2022-12-31 15:30:00","2023-01-01 04:15:00",1.4458,"FALSE",6.25,35.0166
"117","411-1-1","CS1",193,7,2,0.12,0.06,0.12,"2023-01-03 15:45:00","2023-01-03 17:30:00",0.2687,"FALSE",-810,0
"118","411-1-1","CS1",194,7,2.75,0.08,0.0473,0.13,"2023-01-06 03:30:00","2023-01-06 06:00:00",0.3628,"FALSE",-810,0
"119","411-1-1","CS1",195,7,16.75,0.36,0.0579,0.97,"2023-01-19 10:30:00","2023-01-20 03:00:00",2.0346,"FALSE",-820,30.5192
"120","411-1-1","CS1",196,7,22,0.2,0.0373,0.82,"2023-01-22 20:45:00","2023-01-23 18:30:00",1.9231,"FALSE",-820,27.0993
"121","411-1-1","CS1",197,7,12.25,0.48,0.0988,1.21,"2023-01-25 19:00:00","2023-01-26 07:00:00",3.4024,"FALSE",-830,80.7683
"122","411-1-1","CS1",198,7,5.5,0.2,0.0273,0.15,"2023-02-12 22:45:00","2023-02-13 04:00:00",0.6996,"FALSE",-810,0
"123","411-1-1","CS1",199,7,3.5,0.16,0.0543,0.19,"2023-02-16 19:15:00","2023-02-16 22:30:00",1.2618,"FALSE",-820,25.9878
"124","411-1-1","CS1",200,7,12.5,0.76,0.072,0.9,"2023-02-17 10:30:00","2023-02-17 22:45:00",1.2618,"FALSE",-810,0.953
"125","411-1-1","CS1",201,7,1.5,0.12,0.0667,0.1,"2023-02-21 09:00:00","2023-02-21 10:15:00",0.2451,"FALSE",-810,0.0663
"126","411-1-1","CS1",202,7,8,0.16,0.0475,0.38,"2023-02-28 00:30:00","2023-02-28 08:15:00",0.7642,"FALSE",-810,0
"127","411-1-1","CS1",203,7,10.5,0.32,0.08,0.84,"2023-03-03 21:15:00","2023-03-04 07:30:00",1.026,"FALSE",2.5,15.3626
"128","411-1-1","CS1",204,7,5.25,0.16,0.0629,0.33,"2023-03-10 21:15:00","2023-03-11 02:15:00",0.598,"FALSE",-810,0
"129","411-1-1","CS1",205,7,15,0.04,0.0073,0.11,"2023-03-13 06:30:00","2023-03-13 21:15:00",0.4622,"FALSE",25.75,6.5229
"130","411-1-1","CS1",206,7,6,0.2,0.02,0.12,"2023-03-23 09:15:00","2023-03-23 15:00:00",0.7053,"FALSE",1.75,12.868
"131","411-1-1","CS1",207,7,2,0.68,0.17,0.34,"2023-03-23 23:15:00","2023-03-24 01:00:00",0.7053,"FALSE",1.75,7.6898
"132","411-1-1","CS1",208,7,5.5,0.12,0.0345,0.19,"2023-03-24 10:15:00","2023-03-24 15:30:00",0.7053,"FALSE",-810,0
"133","411-1-1","CS1",209,7,4.25,0.24,0.0447,0.19,"2023-03-25 14:00:00","2023-03-25 18:00:00",0.5818,"FALSE",-810,0
"134","411-1-1","CS1",210,7,3.25,0.2,0.0492,0.16,"2023-03-27 18:15:00","2023-03-27 21:15:00",0.4543,"FALSE",-810,0
"135","411-1-1","CS1",211,7,5,0.2,0.05,0.25,"2023-04-01 10:45:00","2023-04-01 15:30:00",0.6932,"FALSE",-810,0
"136","411-1-1","CS1",212,7,1.25,1.16,0.352,0.44,"2023-04-01 22:00:00","2023-04-01 23:00:00",0.4392,"FALSE",-810,0
"137","411-1-1","CS1",213,7,3.25,0.44,0.12,0.39,"2023-04-06 23:30:00","2023-04-07 02:30:00",0.4688,"FALSE",-810,0.0177
"138","411-1-1","CS1",214,7,4,0.28,0.04,0.16,"2023-04-17 05:15:00","2023-04-17 09:00:00",0.5016,"FALSE",-810,0
"139","411-1-1","CS1",215,7,10.5,0.48,0.0638,0.67,"2023-04-22 21:30:00","2023-04-23 07:45:00",0.9058,"FALSE",5.75,7.8799
"140","411-1-1","CS1",216,7,14,0.24,0.0221,0.31,"2023-04-26 21:15:00","2023-04-27 11:00:00",0.7943,"FALSE",3.75,4.4924
"141","411-1-1","CS1",217,7,25,0.28,0.0708,1.77,"2023-04-28 16:30:00","2023-04-29 17:15:00",1.2108,"FALSE",1,11.3891
"142","411-1-1","CS1",218,7,15.25,0.604,0.096,1.464,"2023-04-30 12:15:00","2023-05-01 03:15:00",1.5854,"FALSE",4,26.9979
"143","411-1-1","CS1",219,7,10,0.16,0.0279,0.279,"2023-05-20 09:30:00","2023-05-20 19:15:00",0.7352,"FALSE",15.25,5.973
"144","411-1-1","CS1",220,7,4.5,0.9,0.2242,1.009,"2023-06-12 18:45:00","2023-06-12 23:00:00",0.6138,"FALSE",-810,0
"145","411-1-1","CS1",221,7,3.25,0.208,0.0382,0.124,"2023-06-14 16:00:00","2023-06-14 19:00:00",0.164,"FALSE",-810,0
"146","411-1-1","CS1",222,7,3,1.992,0.399,1.197,"2023-06-16 13:45:00","2023-06-16 16:30:00",0.1852,"FALSE",-810,0
"147","411-1-1","CS1",223,7,20.25,0.916,0.0523,1.059,"2023-06-23 12:30:00","2023-06-24 08:30:00",0.1949,"FALSE",1.75,5.0492
"148","411-1-1","CS1",224,7,3.25,0.444,0.0585,0.19,"2023-06-24 15:15:00","2023-06-24 18:15:00",0.1632,"FALSE",-810,0
"149","411-1-1","CS1",225,7,11,2.16,0.1416,1.558,"2023-06-25 18:30:00","2023-06-26 05:15:00",0.8874,"FALSE",2,18.3598
"150","411-1-1","CS1",226,7,24.75,1.664,0.0862,2.133,"2023-06-26 23:45:00","2023-06-28 00:15:00",0.8874,"FALSE",2,8.586
"151","411-1-1","CS1",227,7,3.75,0.36,0.08,0.3,"2023-07-08 16:15:00","2023-07-08 19:45:00",0.3041,"FALSE",-810,0
"152","411-1-1","CS1",228,7,7.5,1.08,0.1267,0.95,"2023-07-09 16:00:00","2023-07-09 23:15:00",0.2586,"FALSE",-810,0.8371
"153","411-1-1","CS1",229,7,11.75,0.48,0.0672,0.79,"2023-07-16 07:00:00","2023-07-16 18:30:00",0.6725,"FALSE",1.25,14.6221
"154","411-1-1","CS1",230,7,5.25,0.48,0.0476,0.25,"2023-07-19 08:45:00","2023-07-19 13:45:00",0.3433,"FALSE",3.75,5.1745
"155","411-1-1","CS1",231,7,3.25,0.68,0.1631,0.53,"2023-07-21 07:30:00","2023-07-21 10:30:00",0.279,"FALSE",-810,0.6216
"156","411-1-1","CS1",232,7,3.75,1.4,0.1573,0.59,"2023-07-25 17:00:00","2023-07-25 20:30:00",0.2888,"FALSE",-810,0
"157","411-1-1","CS1",233,7,3.75,0.52,0.0853,0.32,"2023-07-29 00:45:00","2023-07-29 04:15:00",0.2062,"FALSE",-810,0
"158","411-1-1","CS1",234,7,4.25,0.48,0.0988,0.42,"2023-08-07 03:30:00","2023-08-07 07:30:00",0.4104,"FALSE",-810,0
"159","411-1-1","CS1",235,7,2.75,1.08,0.2218,0.61,"2023-08-07 22:00:00","2023-08-08 00:30:00",0.2426,"FALSE",-810,0
"160","411-1-1","CS1",236,7,5.75,1.72,0.2157,1.24,"2023-08-10 16:00:00","2023-08-10 21:30:00",1.6535,"FALSE",4,39.0991
"161","411-1-1","CS1",237,7,1.25,0.56,0.192,0.24,"2023-08-15 22:15:00","2023-08-15 23:15:00",0.1345,"FALSE",-810,1.4183
"162","411-1-1","CS1",238,7,0.75,0.48,0.2133,0.16,"2023-08-16 08:00:00","2023-08-16 08:30:00",0.1345,"FALSE",-810,0
"163","411-1-1","CS1",239,7,4.25,0.28,0.0235,0.1,"2023-08-18 05:45:00","2023-08-18 09:45:00",0.1359,"FALSE",-810,0
"164","411-1-1","CS1",240,7,1.5,0.32,0.0933,0.14,"2023-08-27 23:30:00","2023-08-28 00:45:00",0.256,"FALSE",-810,0
"165","411-1-1","CS1",241,7,0.5,0.28,0.22,0.11,"2023-08-30 11:30:00","2023-08-30 11:45:00",0.2198,"FALSE",-810,0
"166","411-1-1","CS1",242,7,1.75,0.44,0.1371,0.24,"2023-09-09 19:15:00","2023-09-09 20:45:00",0.6797,"FALSE",0.25,9.5323
"167","411-1-1","CS1",243,7,3,0.28,0.1333,0.4,"2023-09-10 10:45:00","2023-09-10 13:30:00",0.9941,"FALSE",4.5,17.0699
"168","411-1-1","CS1",244,7,13,2.88,0.1869,2.43,"2023-09-10 20:00:00","2023-09-11 08:45:00",0.9941,"FALSE",4.5,17.1274
"169","411-1-1","CS1",245,7,6.75,0.4,0.0341,0.23,"2023-09-13 06:00:00","2023-09-13 12:30:00",0.2249,"FALSE",-810,0
"170","411-1-1","CS1",246,7,19,1.12,0.0589,1.12,"2023-09-17 19:45:00","2023-09-18 14:30:00",0.828,"FALSE",7.75,12.831
"171","411-1-1","CS1",247,7,10.5,0.28,0.08,0.84,"2023-09-23 07:00:00","2023-09-23 17:15:00",1.3343,"FALSE",-820,19.0377
"172","411-1-1","CS1",248,7,26,0.32,0.0485,1.26,"2023-09-24 00:30:00","2023-09-25 02:15:00",1.3343,"FALSE",25.5,25.8565
"173","411-1-1","CS1",249,7,9.75,0.68,0.0605,0.59,"2023-09-28 23:45:00","2023-09-29 09:15:00",0.9847,"FALSE",18.25,20.4708
"174","411-1-1","CS1",250,7,15.25,0.16,0.0374,0.57,"2023-10-14 14:00:00","2023-10-15 05:00:00",0.5098,"FALSE",-810,0.6877
"175","411-1-1","CS1",251,7,3.75,0.36,0.048,0.18,"2023-10-20 07:00:00","2023-10-20 10:30:00",0.2223,"FALSE",-810,0
"176","411-1-1","CS1",252,7,4,0.08,0.0325,0.13,"2023-11-01 00:45:00","2023-11-01 04:30:00",0.228,"FALSE",-810,0
"177","411-1-1","CS1",253,7,15.5,1.04,0.1181,1.83,"2023-11-21 18:45:00","2023-11-22 10:00:00",1.9534,"FALSE",2.5,44.9389
"178","411-1-1","CS1",254,7,9.75,0.76,0.0974,0.95,"2023-11-26 20:00:00","2023-11-27 05:30:00",1.4785,"FALSE",2.5,30.1203
"179","411-1-1","CS1",255,7,4.75,0.16,0.0863,0.41,"2023-12-01 20:30:00","2023-12-02 01:00:00",0.3914,"FALSE",-810,0
"180","411-1-1","CS1",256,7,14,0.16,0.0507,0.71,"2023-12-03 05:45:00","2023-12-03 19:30:00",0.8088,"FALSE",-830,3.2287
"181","411-1-1","CS1",257,7,19,0.72,0.0932,1.77,"2023-12-10 18:15:00","2023-12-11 13:00:00",1.2394,"FALSE",8,18.8216
"182","411-1-1","CS1",258,7,20.5,0.92,0.1483,3.04,"2023-12-17 20:45:00","2023-12-18 17:00:00",2.3253,"FALSE",-830,52.5668
"183","411-1-1","CS1",259,7,21,0.44,0.0648,1.36,"2023-12-27 10:00:00","2023-12-28 06:45:00",1.4048,"FALSE",2.5,33.4832
"184","411-1-1","CS1",260,7,18,0.28,0.0517,0.93,"2024-01-06 20:15:00","2024-01-07 14:00:00",1.0264,"FALSE",2,14.9758
"185","411-1-1","CS1",261,7,14,0.92,0.1643,2.3,"2024-01-09 15:45:00","2024-01-10 05:30:00",1.3014,"FALSE",3.25,20.7888
"186","411-1-1","CS1",262,7,14,0.48,0.0507,0.71,"2024-01-13 02:45:00","2024-01-13 16:30:00",0.5104,"FALSE",-810,0
"187","411-1-1","CS1",263,7,10.75,0.16,0.0177,0.19,"2024-01-25 05:30:00","2024-01-25 16:00:00",0.5688,"FALSE",-810,0
"188","411-1-1","CS1",264,7,11.25,0.16,0.024,0.27,"2024-01-26 04:30:00","2024-01-26 15:30:00",0.4371,"FALSE",-810,1.5842
"189","411-1-1","CS1",265,7,18,0.4,0.0433,0.78,"2024-01-28 06:30:00","2024-01-29 00:15:00",1.0427,"FALSE",13.75,11.7664
"190","411-1-1","CS1",266,7,9.75,0.08,0.0144,0.14,"2024-02-02 06:15:00","2024-02-02 15:45:00",0.3619,"FALSE",-810,0
"191","411-1-1","CS1",267,7,17,0.24,0.0476,0.81,"2024-02-13 01:45:00","2024-02-13 18:30:00",0.909,"FALSE",1.25,14.3744
"192","411-1-1","CS1",268,7,10.75,0.08,0.0158,0.17,"2024-02-17 06:45:00","2024-02-17 17:15:00",0.5258,"FALSE",-810,0
"193","411-1-1","CS1",269,7,8.25,0.08,0.0145,0.12,"2024-02-22 23:45:00","2024-02-23 07:45:00",0.36,"FALSE",-810,0
"194","411-1-1","CS1",270,7,1.5,0.12,0.08,0.12,"2024-02-27 21:45:00","2024-02-27 23:00:00",0.3244,"FALSE",-810,0.0961
"195","411-1-1","CS1",271,7,1,0.32,0.12,0.12,"2024-02-29 01:45:00","2024-02-29 02:30:00",0.3387,"FALSE",-810,0
"196","411-1-1","CS1",272,7,18,0.24,0.0728,1.31,"2024-03-02 05:15:00","2024-03-02 23:00:00",1.0255,"FALSE",6.75,14.7544
"197","411-1-1","CS1",273,7,12.5,0.24,0.0192,0.24,"2024-03-05 07:15:00","2024-03-05 19:30:00",1.3498,"FALSE",1.75,25.0217
"198","411-1-1","CS1",274,7,16.5,0.36,0.0618,1.02,"2024-03-06 17:15:00","2024-03-07 09:30:00",1.3498,"FALSE",-810,0
"199","411-1-1","CS1",275,7,11.25,0.48,0.1102,1.24,"2024-03-09 17:00:00","2024-03-10 03:00:00",1.2737,"FALSE",18,21.0652
"200","411-1-1","CS1",276,7,12,0.76,0.2475,2.97,"2024-03-23 06:00:00","2024-03-23 17:45:00",1.6406,"FALSE",4.5,27.8455
"201","411-1-1","CS1",277,7,13.5,0.12,0.0311,0.42,"2024-03-27 18:15:00","2024-03-28 07:30:00",0.6075,"FALSE",5,6.7517
"202","411-1-1","CS1",278,7,6.5,0.16,0.0585,0.38,"2024-04-01 10:30:00","2024-04-01 16:45:00",1.3809,"FALSE",2.75,22.892
"203","411-1-1","CS1",279,7,46.5,0.56,0.054,2.51,"2024-04-02 07:30:00","2024-04-04 05:45:00",1.3809,"FALSE",4,23.4444
"204","411-1-1","CS1",280,7,15.5,0.44,0.0374,0.58,"2024-04-12 00:15:00","2024-04-12 15:30:00",0.7269,"FALSE",4.25,3.4573
"205","411-1-1","CS1",281,7,1.25,0.2,0.144,0.18,"2024-04-20 08:30:00","2024-04-20 09:30:00",0.287,"FALSE",-810,0
"206","411-1-1","CS1",282,7,2.5,0.24,0.056,0.14,"2024-04-28 04:00:00","2024-04-28 06:15:00",0.4727,"FALSE",-810,0
"207","411-1-1","CS1",283,7,8.75,0.08,0.0274,0.24,"2024-05-04 18:00:00","2024-05-05 02:30:00",0.5326,"FALSE",1.75,4.8689
"208","411-1-1","CS1",284,7,7.25,0.08,0.0193,0.14,"2024-05-05 11:00:00","2024-05-05 18:00:00",0.5326,"FALSE",1.75,4.4015
"209","411-1-1","CS1",285,7,21,0.16,0.0205,0.43,"2024-05-10 00:15:00","2024-05-10 21:00:00",0.7394,"FALSE",4.75,17.4051
"210","411-1-1","CS1",286,7,8.5,0.12,0.0153,0.13,"2024-05-12 07:00:00","2024-05-12 15:15:00",0.3264,"FALSE",-810,1.6477
"211","411-1-1","CS1",287,7,12.5,0.08,0.0208,0.26,"2024-05-15 00:15:00","2024-05-15 12:30:00",0.5852,"FALSE",2.25,7.7755
"212","411-1-1","CS1",288,7,8.25,0.08,0.0194,0.16,"2024-05-18 15:45:00","2024-05-18 23:45:00",0.4035,"FALSE",-810,0
"213","411-1-1","CS1",289,7,3.75,0.6,0.0987,0.37,"2024-05-27 15:30:00","2024-05-27 19:00:00",0.4319,"FALSE",-810,0
"214","411-1-1","CS1",290,7,3.5,1,0.2114,0.74,"2024-06-06 01:00:00","2024-06-06 04:15:00",0.4711,"FALSE",-810,0
"215","411-1-1","CS1",291,7,1,0.44,0.15,0.15,"2024-06-14 20:45:00","2024-06-14 21:30:00",0.2083,"FALSE",-810,0
"216","411-1-1","CS1",292,7,0.5,1.6,1.2,0.6,"2024-06-22 18:00:00","2024-06-22 18:15:00",0.3386,"FALSE",-810,0
"217","411-1-1","CS1",293,7,1,0.56,0.26,0.26,"2024-06-23 21:00:00","2024-06-23 21:45:00",0.3214,"FALSE",-810,0.0254
"218","411-1-1","CS1",294,7,4,1.52,0.16,0.64,"2024-06-27 03:30:00","2024-06-27 07:15:00",0.32,"FALSE",-810,0
"219","411-1-1","CS1",295,7,10.5,0.24,0.0343,0.36,"2024-06-30 02:15:00","2024-06-30 12:30:00",0.5904,"FALSE",1.75,4.2773
"220","411-1-1","CS1",296,7,1.75,0.52,0.1829,0.32,"2024-06-30 20:00:00","2024-06-30 21:30:00",0.2937,"FALSE",-810,0
"221","411-1-1","CS1",297,7,1.25,0.68,0.272,0.34,"2024-07-07 07:00:00","2024-07-07 08:00:00",0.3411,"FALSE",-810,0
"222","411-1-1","CS1",298,7,1.25,0.36,0.16,0.2,"2024-07-11 04:45:00","2024-07-11 05:45:00",0.3446,"FALSE",-810,0
"223","411-1-1","CS1",299,7,9.5,0.12,0.0147,0.14,"2024-07-12 13:00:00","2024-07-12 22:15:00",0.3444,"FALSE",-810,0
"224","411-1-1","CS1",300,7,1.25,0.84,0.248,0.31,"2024-07-17 00:00:00","2024-07-17 01:00:00",0.3202,"FALSE",-810,0
"225","411-1-1","CS1",301,7,0.75,0.64,0.2533,0.19,"2024-07-18 00:00:00","2024-07-18 00:30:00",0.307,"FALSE",-810,0
"226","411-1-1","CS1",302,7,1.75,0.16,0.0743,0.13,"2024-07-23 05:00:00","2024-07-23 06:30:00",0.1273,"FALSE",-810,0
"227","411-1-1","CS1",303,7,2.5,1.6,0.424,1.06,"2024-07-24 14:30:00","2024-07-24 16:45:00",0.324,"FALSE",-810,0
"228","411-1-1","CS1",304,7,7.5,1.36,0.0733,0.55,"2024-08-02 20:45:00","2024-08-03 04:00:00",0.4968,"FALSE",0.25,7.8525
"229","411-1-1","CS1",305,7,3.75,1.12,0.1253,0.47,"2024-08-03 21:45:00","2024-08-04 01:15:00",0.4968,"FALSE",-810,0
"230","411-1-1","CS1",306,7,7.5,1.76,0.252,1.89,"2024-08-06 22:45:00","2024-08-07 06:00:00",0.9785,"FALSE",16.5,10.2895
"231","411-1-1","CS1",307,7,24.5,1.44,0.0665,1.63,"2024-08-08 07:15:00","2024-08-09 07:30:00",2.1866,"FALSE",3,52.2541
"232","411-1-1","CS1",308,7,4.25,0.44,0.0729,0.31,"2024-08-09 19:30:00","2024-08-09 23:30:00",0.3504,"FALSE",-810,0.0114
